"location","time","life_expectancy","fertility_rate","pop_mlns"
"AUS",1960,70.9,3.5,10.275
"AUS",1961,71.2,3.5,10.5082
"AUS",1962,71,3.4,10.7005
"AUS",1963,71.1,3.3,10.9069
"AUS",1964,70.7,3.2,11.1216
"AUS",1965,71,3,11.3409
"AUS",1966,70.8,2.9,11.5995
"AUS",1967,71.2,2.8,11.79908
"AUS",1968,70.9,2.9,12.00863
"AUS",1969,71.1,2.9,12.26301
"AUS",1970,70.8,2.9,12.50735
"AUS",1971,71.6,2.9,13.06726
"AUS",1972,72,2.7,13.30366
"AUS",1973,72.1,2.5,13.50454
"AUS",1974,71.9,2.3,13.72257
"AUS",1975,72.7,2.1,13.893
"AUS",1976,72.8,2.1,14.03308
"AUS",1977,73.4,2,14.19223
"AUS",1978,73.7,1.9,14.35925
"AUS",1979,74.3,1.9,14.51573
"AUS",1980,74.6,1.9,14.69536
"AUS",1981,74.9,1.9,14.92326
"AUS",1982,74.7,1.9,15.18425
"AUS",1983,75.5,1.9,15.39347
"AUS",1984,75.8,1.8,15.57939
"AUS",1985,75.6,1.9,15.78831
"AUS",1986,76.1,1.9,16.01835
"AUS",1987,76.3,1.8,16.26387
"AUS",1988,76.3,1.8,16.53216
"AUS",1989,76.5,1.8,16.81442
"AUS",1990,77,1.9,17.06513
"AUS",1991,77.4,1.8,17.28404
"AUS",1992,77.5,1.9,17.479
"AUS",1993,78,1.9,17.635
"AUS",1994,78,1.8,17.805
"AUS",1995,77.9,1.8,18.005
"AUS",1996,78.2,1.8,18.225
"AUS",1997,78.5,1.8,18.423
"AUS",1998,78.7,1.8,18.608
"AUS",1999,79,1.8,18.812
"AUS",2000,79.3,1.8,19.029
"AUS",2001,79.7,1.7,19.275
"AUS",2002,80,1.8,19.495
"AUS",2003,80.3,1.8,19.721
"AUS",2004,80.6,1.8,19.933
"AUS",2005,80.9,1.8,20.177
"AUS",2006,81.1,1.9,20.451
"AUS",2007,81.4,2,20.828
"AUS",2008,81.5,2,21.249
"AUS",2009,81.6,2,21.692
"AUS",2010,81.8,2,22.032
"AUS",2011,82,1.9,22.34
"AUS",2012,82.1,1.9,22.728
"AUS",2013,82.2,1.9,23.126
"AUS",2014,82.4,1.8,23.491
"AUT",1960,68.7,2.7,7.047539
"AUT",1961,69.7,2.8,7.086298
"AUT",1962,69.4,2.8,7.129864
"AUT",1963,69.6,2.8,7.175811
"AUT",1964,70,2.8,7.223801
"AUT",1965,69.8,2.7,7.270888
"AUT",1966,70.2,2.7,7.322066
"AUT",1967,70,2.6,7.376998
"AUT",1968,70.2,2.6,7.415402
"AUT",1969,69.9,2.5,7.441055
"AUT",1970,70,2.3,7.467086
"AUT",1971,70.2,2.2,7.500481
"AUT",1972,70.6,2.1,7.544201
"AUT",1973,71.1,1.9,7.586114
"AUT",1974,71.1,1.9,7.599038
"AUT",1975,71.2,1.8,7.578902
"AUT",1976,71.7,1.7,7.565525
"AUT",1977,72,1.6,7.56843
"AUT",1978,72.1,1.6,7.562304
"AUT",1979,72.4,1.6,7.549424
"AUT",1980,72.6,1.7,7.549432
"AUT",1981,72.9,1.7,7.56871
"AUT",1982,73.1,1.7,7.574139
"AUT",1983,73.1,1.6,7.56191
"AUT",1984,73.7,1.5,7.561434
"AUT",1985,73.9,1.5,7.564984
"AUT",1986,74.4,1.4,7.569794
"AUT",1987,74.9,1.4,7.574585
"AUT",1988,75.3,1.4,7.585317
"AUT",1989,75.4,1.4,7.619566
"AUT",1990,75.7,1.5,7.67785
"AUT",1991,75.7,1.5,7.75489
"AUT",1992,75.9,1.5,7.840709
"AUT",1993,76.2,1.5,7.905632
"AUT",1994,76.5,1.5,7.936117
"AUT",1995,76.8,1.4,7.948278
"AUT",1996,77,1.4,7.959016
"AUT",1997,77.4,1.4,7.968041
"AUT",1998,77.8,1.4,7.976788
"AUT",1999,78,1.3,7.992323
"AUT",2000,78.2,1.4,8.011566
"AUT",2001,78.7,1.3,8.042293
"AUT",2002,78.8,1.4,8.082121
"AUT",2003,78.7,1.4,8.118245
"AUT",2004,79.3,1.4,8.169441
"AUT",2005,79.4,1.4,8.225278
"AUT",2006,80,1.4,8.267948
"AUT",2007,80.3,1.4,8.295189
"AUT",2008,80.5,1.4,8.321541
"AUT",2009,80.4,1.4,8.341483
"AUT",2010,80.7,1.4,8.361069
"AUT",2011,81.1,1.4,8.388534
"AUT",2012,81,1.4,8.426311
"AUT",2013,81.2,1.4,8.46857
"BEL",1960,69.8,2.5,9.153489
"BEL",1961,70.6,2.6,9.183947
"BEL",1962,70.3,2.6,9.220577
"BEL",1963,70.1,2.7,9.28977
"BEL",1964,70.9,2.7,9.378113
"BEL",1965,70.7,2.6,9.463667
"BEL",1966,70.8,2.5,9.527807
"BEL",1967,71.1,2.4,9.58099
"BEL",1968,70.8,2.3,9.618755
"BEL",1969,70.9,2.3,9.646032
"BEL",1970,71.1,2.3,9.655549
"BEL",1971,71.2,2.2,9.673161
"BEL",1972,71.5,2.1,9.711114
"BEL",1973,71.7,2,9.74172
"BEL",1974,72.1,1.8,9.772419
"BEL",1975,72.1,1.7,9.8007
"BEL",1976,72.2,1.7,9.818227
"BEL",1977,72.9,1.7,9.830357
"BEL",1978,72.8,1.7,9.839533
"BEL",1979,73.3,1.7,9.848382
"BEL",1980,73.3,1.7,9.859242
"BEL",1981,73.7,1.7,9.858981
"BEL",1982,74,1.6,9.856303
"BEL",1983,74,1.6,9.85552
"BEL",1984,74.5,1.5,9.855372
"BEL",1985,74.6,1.5,9.858308
"BEL",1986,74.8,1.5,9.861823
"BEL",1987,75.5,1.5,9.870233
"BEL",1988,75.7,1.6,9.901664
"BEL",1989,75.7,1.6,9.937697
"BEL",1990,76.1,1.6,9.967378
"BEL",1991,76.3,1.7,10.00449
"BEL",1992,76.5,1.6,10.04516
"BEL",1993,76.5,1.6,10.08447
"BEL",1994,76.8,1.5,10.1156
"BEL",1995,77,1.5,10.13681
"BEL",1996,77.3,1.6,10.15664
"BEL",1997,77.5,1.6,10.18125
"BEL",1998,77.6,1.6,10.20301
"BEL",1999,77.7,1.6,10.22642
"BEL",2000,77.8,1.6,10.25125
"BEL",2001,78.1,1.6,10.28657
"BEL",2002,78.2,1.6,10.33278
"BEL",2003,78.2,1.6,10.37613
"BEL",2004,79,1.7,10.42114
"BEL",2005,79.1,1.7,10.47862
"BEL",2006,79.5,1.8,10.54796
"BEL",2007,79.9,1.8,10.6257
"BEL",2008,79.8,1.9,10.70997
"BEL",2009,80.1,1.8,10.79649
"BEL",2010,80.3,1.8,10.92027
"BEL",2011,80.7,1.8,11.04774
"BEL",2012,80.5,1.8,11.12825
"BEL",2013,80.7,1.7,11.17844
"BEL",2014,81.4,1.7,11.22728
"CAN",1961,71.3,3.8,18.635
"CAN",1966,72,2.8,20.421
"CAN",1971,72.9,2.2,21.962
"CAN",1976,73.9,1.8,23.45
"CAN",1979,75.1,1.7,24.202
"CAN",1980,75.3,1.7,24.516
"CAN",1981,75.5,1.7,24.82
"CAN",1982,75.6,1.6,25.117
"CAN",1983,75.9,1.6,25.366
"CAN",1984,76.2,1.6,25.607
"CAN",1985,76.3,1.6,25.842
"CAN",1986,76.5,1.6,26.1
"CAN",1987,76.6,1.6,26.447
"CAN",1988,76.8,1.6,26.792
"CAN",1989,77,1.7,27.277
"CAN",1990,77.2,1.7,27.69114
"CAN",1991,77.5,1.7,28.03742
"CAN",1992,77.7,1.7,28.37126
"CAN",1993,77.8,1.7,28.68476
"CAN",1994,77.9,1.6,29.00066
"CAN",1995,77.9,1.6,29.30231
"CAN",1996,78.1,1.6,29.61022
"CAN",1997,78.3,1.6,29.90595
"CAN",1998,78.5,1.5,30.15517
"CAN",1999,78.7,1.5,30.40129
"CAN",2000,79,1.5,30.68573
"CAN",2001,79.2,1.5,31.01902
"CAN",2002,79.4,1.5,31.35366
"CAN",2003,79.6,1.5,31.63967
"CAN",2004,79.8,1.5,31.94068
"CAN",2005,80,1.5,32.24521
"CAN",2006,80.3,1.6,32.57607
"CAN",2007,80.4,1.7,32.92752
"CAN",2008,80.6,1.7,33.31766
"CAN",2009,80.8,1.7,33.72691
"CAN",2010,81.1,1.6,34.12655
"CAN",2011,81.3,1.6,34.48398
"CAN",2012,81.5,1.6,34.88049
"CAN",2013,81.7,1.6,35.154
"CAN",2014,81.8,1.6,35.54
"CZE",1960,70.7,2.1,9.659818
"CZE",1961,70.7,2.1,9.588016
"CZE",1962,69.9,2.1,9.621808
"CZE",1963,70.5,2.3,9.668741
"CZE",1964,70.7,2.4,9.730019
"CZE",1965,70.4,2.2,9.785102
"CZE",1966,70.6,2,9.826188
"CZE",1967,70.5,1.9,9.854241
"CZE",1968,70.1,1.8,9.877632
"CZE",1969,69.6,1.9,9.896695
"CZE",1970,69.6,1.9,9.805157
"CZE",1971,69.8,2,9.830602
"CZE",1972,70.3,2.1,9.868379
"CZE",1973,70.2,2.3,9.919519
"CZE",1974,70.2,2.4,9.994761
"CZE",1975,70.6,2.4,10.06237
"CZE",1976,70.7,2.4,10.12822
"CZE",1977,70.8,2.3,10.18931
"CZE",1978,70.9,2.3,10.24569
"CZE",1979,70.9,2.3,10.29649
"CZE",1980,70.5,2.1,10.32679
"CZE",1981,70.8,2,10.30321
"CZE",1982,70.9,2,10.31432
"CZE",1983,70.8,2,10.32282
"CZE",1984,71,2,10.33048
"CZE",1985,71.2,2,10.33674
"CZE",1986,71.1,1.9,10.34074
"CZE",1987,71.6,1.9,10.34883
"CZE",1988,71.8,1.9,10.35636
"CZE",1989,71.9,1.9,10.36226
"CZE",1990,71.6,1.9,10.36274
"CZE",1991,72,1.9,10.30868
"CZE",1992,72.5,1.7,10.31781
"CZE",1993,72.9,1.7,10.33061
"CZE",1994,73.2,1.4,10.33616
"CZE",1995,73.3,1.3,10.33076
"CZE",1996,74,1.2,10.31535
"CZE",1997,74.1,1.2,10.30364
"CZE",1998,74.7,1.2,10.29494
"CZE",1999,74.9,1.1,10.28278
"CZE",2000,75.1,1.1,10.2725
"CZE",2001,75.3,1.1,10.22419
"CZE",2002,75.4,1.2,10.20077
"CZE",2003,75.3,1.2,10.20165
"CZE",2004,75.8,1.2,10.20692
"CZE",2005,76.1,1.3,10.23409
"CZE",2006,76.7,1.3,10.26665
"CZE",2007,77,1.4,10.32269
"CZE",2008,77.3,1.5,10.42969
"CZE",2009,77.4,1.5,10.49149
"CZE",2010,77.7,1.5,10.51725
"CZE",2011,78,1.4,10.49667
"CZE",2012,78.2,1.5,10.50929
"CZE",2013,78.3,1.5,10.51072
"CZE",2014,78.9,1.5,10.52478
"DNK",1960,72.4,2.5,4.579603
"DNK",1967,72.6,2.4,4.835354
"DNK",1968,73,2.1,4.864882
"DNK",1969,73.2,2,4.891859
"DNK",1970,73.3,2,4.928757
"DNK",1971,73.3,2,4.963125
"DNK",1972,73.4,2,4.991596
"DNK",1973,73.6,1.9,5.021861
"DNK",1974,74,1.9,5.045297
"DNK",1975,74.2,1.9,5.059861
"DNK",1976,73.9,1.7,5.072596
"DNK",1977,74.9,1.7,5.088419
"DNK",1978,74.6,1.7,5.104248
"DNK",1979,74.4,1.6,5.116801
"DNK",1980,74.3,1.5,5.123027
"DNK",1981,74.4,1.4,5.121572
"DNK",1982,74.7,1.4,5.11781
"DNK",1983,74.6,1.4,5.114297
"DNK",1984,74.8,1.4,5.111619
"DNK",1985,74.6,1.4,5.11369
"DNK",1986,74.8,1.5,5.120534
"DNK",1987,74.9,1.5,5.127024
"DNK",1988,75,1.6,5.129516
"DNK",1989,75,1.6,5.132593
"DNK",1990,74.9,1.7,5.140939
"DNK",1991,75.3,1.7,5.154297
"DNK",1992,75.3,1.8,5.17137
"DNK",1993,75.2,1.8,5.188628
"DNK",1994,75.5,1.8,5.20618
"DNK",1995,75.3,1.8,5.233373
"DNK",1996,75.7,1.8,5.263074
"DNK",1997,76.1,1.8,5.284991
"DNK",1998,76.5,1.7,5.304218
"DNK",1999,76.6,1.7,5.321798
"DNK",2000,76.9,1.8,5.339616
"DNK",2001,77,1.7,5.358783
"DNK",2002,77.1,1.7,5.375931
"DNK",2003,77.4,1.8,5.390574
"DNK",2004,77.8,1.8,5.404522
"DNK",2005,78.3,1.8,5.419432
"DNK",2006,78.4,1.8,5.437271
"DNK",2007,78.4,1.8,5.461438
"DNK",2008,78.8,1.9,5.493621
"DNK",2009,79,1.8,5.523095
"DNK",2010,79.3,1.9,5.547683
"DNK",2011,79.9,1.8,5.570572
"DNK",2012,80.1,1.7,5.591572
"DNK",2013,80.4,1.7,5.614932
"FIN",1960,69,2.7,4.43
"FIN",1963,69,2.7,4.523
"FIN",1968,69.8,2.1,4.626
"FIN",1970,70.8,1.8,4.606
"FIN",1971,70.1,1.7,4.612
"FIN",1972,70.7,1.6,4.64
"FIN",1973,71.2,1.5,4.666
"FIN",1974,71.2,1.6,4.691
"FIN",1975,71.7,1.7,4.712
"FIN",1976,72,1.7,4.726
"FIN",1977,72.4,1.7,4.739
"FIN",1978,73,1.7,4.753
"FIN",1979,73.2,1.6,4.765
"FIN",1980,73.6,1.6,4.779
"FIN",1981,73.9,1.6,4.8
"FIN",1982,74.6,1.7,4.827
"FIN",1983,74.4,1.7,4.856
"FIN",1984,74.8,1.7,4.882
"FIN",1985,74.5,1.6,4.902
"FIN",1986,74.8,1.6,4.918
"FIN",1987,74.8,1.6,4.932
"FIN",1988,74.8,1.7,4.947
"FIN",1989,75,1.7,4.964
"FIN",1990,75,1.8,4.986
"FIN",1991,75.5,1.8,5.014
"FIN",1992,75.7,1.9,5.042
"FIN",1993,75.8,1.8,5.066
"FIN",1994,76.6,1.9,5.088
"FIN",1995,76.6,1.8,5.108
"FIN",1996,76.9,1.8,5.125
"FIN",1997,77.1,1.8,5.14
"FIN",1998,77.3,1.7,5.153
"FIN",1999,77.5,1.7,5.165
"FIN",2000,77.7,1.7,5.176
"FIN",2001,78.2,1.7,5.188
"FIN",2002,78.3,1.7,5.201
"FIN",2003,78.5,1.8,5.213
"FIN",2004,79,1.8,5.228
"FIN",2005,79.1,1.8,5.246
"FIN",2006,79.5,1.8,5.267
"FIN",2007,79.6,1.8,5.289
"FIN",2008,79.9,1.9,5.313
"FIN",2009,80.1,1.9,5.339
"FIN",2010,80.2,1.9,5.363
"FIN",2011,80.6,1.8,5.388
"FIN",2012,80.7,1.8,5.414
"FIN",2013,81.1,1.8,5.439
"FIN",2014,81.3,1.7,5.472
"FRA",1960,70.3,2.7,45.68423
"FRA",1961,71,2.8,46.16283
"FRA",1962,70.5,2.8,46.9977
"FRA",1963,70.5,2.9,47.81622
"FRA",1964,71.4,2.9,48.31041
"FRA",1965,71.3,2.8,48.7578
"FRA",1966,71.5,2.8,49.16366
"FRA",1967,71.5,2.7,49.5483
"FRA",1968,71.5,2.6,49.9154
"FRA",1969,71.3,2.5,50.31798
"FRA",1970,72.2,2.5,50.77223
"FRA",1971,72.1,2.5,51.25109
"FRA",1972,72.4,2.4,51.70091
"FRA",1973,72.5,2.3,52.1183
"FRA",1974,72.8,2.1,52.46036
"FRA",1975,73,1.9,52.69917
"FRA",1976,73.2,1.8,52.90867
"FRA",1977,73.8,1.9,53.14529
"FRA",1978,73.9,1.8,53.37632
"FRA",1979,74.2,1.9,53.60623
"FRA",1980,74.3,1.9,53.88001
"FRA",1981,74.5,1.9,54.18182
"FRA",1982,74.8,1.9,54.49249
"FRA",1983,74.8,1.8,54.77242
"FRA",1984,75.3,1.8,55.02608
"FRA",1985,75.4,1.8,55.28427
"FRA",1986,75.7,1.8,55.54651
"FRA",1987,76.3,1.8,55.82396
"FRA",1988,76.6,1.8,56.11798
"FRA",1989,76.7,1.8,56.42341
"FRA",1990,77,1.8,56.70883
"FRA",1991,77.2,1.8,56.9756
"FRA",1992,77.5,1.7,57.23985
"FRA",1993,77.6,1.7,57.46709
"FRA",1994,78,1.7,57.65877
"FRA",1995,78.1,1.7,57.84425
"FRA",1996,78.3,1.7,58.02599
"FRA",1997,78.6,1.7,58.20749
"FRA",1998,78.8,1.8,58.39779
"FRA",1999,78.9,1.8,58.67741
"FRA",2000,79.2,1.9,59.06239
"FRA",2001,79.3,1.9,59.47623
"FRA",2002,79.4,1.9,59.89387
"FRA",2003,79.3,1.9,60.30363
"FRA",2004,80.3,1.9,60.73434
"FRA",2005,80.4,1.9,61.1815
"FRA",2006,81,2,61.59748
"FRA",2007,81.2,2,61.96505
"FRA",2008,81.4,2,62.30029
"FRA",2009,81.5,2,62.61547
"FRA",2010,81.8,2,62.91779
"FRA",2011,82.3,2,63.22316
"FRA",2012,82.1,2,63.514
"FRA",2013,82.3,2,63.78614
"FRA",2014,82.8,2,64.06225
"DEU",1960,69.1,2.4,55.585
"DEU",1961,69.7,2.4,56.175
"DEU",1962,69.9,2.4,56.837
"DEU",1963,70,2.5,57.389
"DEU",1964,70.6,2.5,57.971
"DEU",1965,70.5,2.5,58.619
"DEU",1966,70.6,2.5,59.148
"DEU",1967,70.9,2.5,59.286
"DEU",1968,70.5,2.4,59.5
"DEU",1969,70.3,2.2,60.067
"DEU",1970,70.6,2,60.651
"DEU",1971,70.8,2,61.302
"DEU",1972,71,1.7,61.672
"DEU",1973,71.3,1.6,61.976
"DEU",1974,71.5,1.5,62.054
"DEU",1975,71.4,1.5,61.829
"DEU",1976,71.8,1.5,61.531
"DEU",1977,72.5,1.5,61.4
"DEU",1978,72.4,1.5,61.327
"DEU",1979,72.8,1.5,61.359
"DEU",1980,72.9,1.6,61.566
"DEU",1981,73.2,1.5,61.682
"DEU",1982,73.5,1.5,61.638
"DEU",1983,73.8,1.4,61.423
"DEU",1984,74.3,1.4,61.175
"DEU",1985,74.4,1.4,61.024
"DEU",1986,74.6,1.4,61.066
"DEU",1987,75,1.4,61.077
"DEU",1988,75.2,1.5,61.45
"DEU",1989,75.4,1.4,62.063
"DEU",1990,75.3,1.5,63.254
"DEU",1991,75.5,1.3,79.984
"DEU",1992,76,1.3,80.595
"DEU",1993,76.1,1.3,81.179
"DEU",1994,76.4,1.2,81.422
"DEU",1995,76.6,1.2,81.661
"DEU",1996,76.9,1.3,81.895
"DEU",1997,77.3,1.4,82.052
"DEU",1998,77.7,1.4,82.029
"DEU",1999,77.9,1.4,82.024
"DEU",2000,78.2,1.4,82.16
"DEU",2001,78.5,1.3,82.277
"DEU",2002,78.5,1.3,82.456
"DEU",2003,78.6,1.3,82.502
"DEU",2004,79.2,1.4,82.491
"DEU",2005,79.4,1.3,82.465
"DEU",2006,79.8,1.3,82.369
"DEU",2007,80.1,1.4,82.257
"DEU",2008,80.2,1.4,82.135
"DEU",2009,80.3,1.4,81.904
"DEU",2010,80.5,1.4,81.715
"DEU",2011,80.5,1.4,80.249
"DEU",2012,80.6,1.4,80.413
"DEU",2013,80.6,1.4,80.611
"DEU",2014,81.2,1.5,80.896
"GRC",1961,72,2.1,8.39805
"GRC",1962,71.7,2.2,8.448233
"GRC",1963,72,2.1,8.479625
"GRC",1964,71.9,2.2,8.510429
"GRC",1965,72.4,2.3,8.550333
"GRC",1966,72.6,2.3,8.613651
"GRC",1967,72.3,2.5,8.684088
"GRC",1968,72.4,2.4,8.740765
"GRC",1969,73,2.4,8.772764
"GRC",1970,73.8,2.4,8.792806
"GRC",1971,74.2,2.3,8.831036
"GRC",1972,73.8,2.3,8.888628
"GRC",1973,74.1,2.3,8.929086
"GRC",1974,74.6,2.4,8.962021
"GRC",1975,74.5,2.3,9.04654
"GRC",1976,74.5,2.4,9.18815
"GRC",1977,74.7,2.3,9.308479
"GRC",1978,75.2,2.3,9.429959
"GRC",1979,75.5,2.3,9.548258
"GRC",1980,75.3,2.2,9.642505
"GRC",1981,75.7,2.1,9.72935
"GRC",1982,75.9,2,9.789513
"GRC",1983,75.7,1.9,9.846627
"GRC",1984,76.2,1.8,9.895801
"GRC",1985,76,1.7,9.9343
"GRC",1986,76.5,1.6,9.967213
"GRC",1987,76.3,1.5,10.00059
"GRC",1988,76.8,1.5,10.03698
"GRC",1989,77,1.4,10.0895
"GRC",1990,77.1,1.4,10.1569
"GRC",1991,77.3,1.4,10.25629
"GRC",1992,77.2,1.4,10.36987
"GRC",1993,77.6,1.3,10.46553
"GRC",1994,77.8,1.3,10.55304
"GRC",1995,77.8,1.3,10.63438
"GRC",1996,78,1.3,10.70917
"GRC",1997,78.4,1.3,10.7765
"GRC",1998,78.4,1.2,10.83488
"GRC",1999,78.5,1.2,10.88258
"GRC",2000,78.6,1.3,10.91748
"GRC",2001,79.1,1.3,10.95
"GRC",2002,79.2,1.3,10.983
"GRC",2003,79.3,1.3,11.016
"GRC",2004,79.4,1.3,11.057
"GRC",2005,79.7,1.3,11.093
"GRC",2006,79.9,1.4,11.131
"GRC",2007,79.7,1.4,11.163
"GRC",2008,80.3,1.5,11.186
"GRC",2009,80.4,1.5,11.185
"GRC",2010,80.7,1.5,11.153
"GRC",2011,80.8,1.4,11.124
"GRC",2012,80.7,1.3,11.09
"HUN",1960,68.1,2,9.984
"HUN",1961,69,1.9,10.028
"HUN",1962,67.9,1.8,10.061
"HUN",1963,69,1.8,10.088
"HUN",1964,69.5,1.8,10.12
"HUN",1965,69.1,1.8,10.148
"HUN",1966,69.9,1.9,10.179
"HUN",1967,69.5,2,10.217
"HUN",1968,69.3,2.1,10.256
"HUN",1969,69.4,2,10.294
"HUN",1970,69.2,2,10.338
"HUN",1971,69.1,1.9,10.368
"HUN",1972,69.8,1.9,10.398
"HUN",1973,69.6,2,10.432
"HUN",1974,69.3,2.3,10.479
"HUN",1975,69.4,2.4,10.541
"HUN",1976,69.7,2.3,10.599
"HUN",1977,70,2.2,10.648
"HUN",1978,69.5,2.1,10.685
"HUN",1979,69.7,2,10.711
"HUN",1980,69.2,1.9,10.711
"HUN",1981,69.3,1.9,10.712
"HUN",1982,69.5,1.8,10.706
"HUN",1983,69.1,1.7,10.689
"HUN",1984,69.2,1.7,10.668
"HUN",1985,69.2,1.8,10.649
"HUN",1986,69.3,1.8,10.631
"HUN",1987,69.8,1.8,10.613
"HUN",1988,70.2,1.8,10.596
"HUN",1989,69.6,1.8,10.578
"HUN",1990,69.5,1.8,10.374
"HUN",1991,69.6,1.9,10.373
"HUN",1992,69.4,1.8,10.369
"HUN",1993,69.4,1.7,10.358
"HUN",1994,69.8,1.6,10.343
"HUN",1995,70.1,1.6,10.329
"HUN",1996,70.7,1.5,10.311
"HUN",1997,71.1,1.4,10.29
"HUN",1998,71.1,1.3,10.267
"HUN",1999,71.2,1.3,10.238
"HUN",2000,71.9,1.3,10.211
"HUN",2001,72.5,1.3,10.188
"HUN",2002,72.5,1.3,10.159
"HUN",2003,72.6,1.3,10.13
"HUN",2004,73,1.3,10.107
"HUN",2005,73,1.3,10.087
"HUN",2006,73.5,1.4,10.071
"HUN",2007,73.6,1.3,10.056
"HUN",2008,74.2,1.4,10.038
"HUN",2009,74.4,1.3,10.023
"HUN",2010,74.7,1.3,10
"HUN",2011,75,1.2,9.972
"HUN",2012,75.2,1.3,9.92
"HUN",2013,75.7,1.3,9.893
"HUN",2014,75.9,1.4,9.863
"ISL",1961,73.6,3.9,0.1789
"ISL",1962,73.8,4,0.1821
"ISL",1963,73.2,4,0.1855
"ISL",1964,73.6,3.9,0.1888
"ISL",1965,73.9,3.7,0.1923
"ISL",1966,73.4,3.6,0.1956
"ISL",1967,73.9,3.3,0.1988
"ISL",1968,74.1,3.1,0.2015
"ISL",1969,73.8,3,0.2034
"ISL",1970,74,2.8,0.2045
"ISL",1971,73.7,2.9,0.2062
"ISL",1972,74.5,3.1,0.2092
"ISL",1973,74.6,2.9,0.2123
"ISL",1974,74.6,2.7,0.2152
"ISL",1975,75.7,2.6,0.218
"ISL",1976,77.1,2.5,0.2202
"ISL",1977,76.5,2.3,0.2218
"ISL",1978,76.7,2.3,0.2235
"ISL",1980,77,2.5,0.2281
"ISL",1981,76.6,2.3,0.2308
"ISL",1982,77.1,2.3,0.234
"ISL",1983,77,2.2,0.237
"ISL",1984,77.7,2.1,0.2395
"ISL",1985,77.7,1.9,0.2414
"ISL",1986,78.1,1.9,0.2432
"ISL",1987,77.4,2.1,0.246
"ISL",1988,77.2,2.3,0.2499
"ISL",1989,78.2,2.2,0.2527
"ISL",1990,78.1,2.3,0.2548
"ISL",1991,78.1,2.2,0.258
"ISL",1992,78.8,2.2,0.2611
"ISL",1993,79,2.2,0.2638
"ISL",1994,79.3,2.1,0.266
"ISL",1995,78.1,2.1,0.2674
"ISL",1996,78.9,2.1,0.2689
"ISL",1997,79,2,0.2709
"ISL",1998,79.7,2,0.2738
"ISL",1999,79.4,2,0.2772
"ISL",2000,79.7,2.1,0.2812
"ISL",2001,80.8,1.9,0.285054
"ISL",2002,80.6,1.9,0.287559
"ISL",2003,81,2,0.289272
"ISL",2004,81.1,2,0.292587
"ISL",2005,81.6,2.1,0.295864
"ISL",2006,81.2,2.1,0.304334
"ISL",2007,81.5,2.1,0.311396
"ISL",2008,81.7,2.1,0.319355
"ISL",2009,81.8,2.2,0.319246
"ISL",2010,82,2.2,0.318006
"ISL",2011,82.4,2,0.319014
"ISL",2012,83,2,0.320716
"ISL",2013,82.1,1.9,0.323764
"ISL",2014,82.9,1.9,0.3273855
"IRL",1960,70,3.8,2.8321
"IRL",1970,71.2,3.9,2.9499
"IRL",1978,71.5,3.2,3.314
"IRL",1979,72.3,3.2,3.3682
"IRL",1980,72.9,3.2,3.401
"IRL",1981,72.9,3.1,3.4434
"IRL",1982,72.9,3,3.48
"IRL",1985,73.4,2.5,3.54
"IRL",1986,73.6,2.4,3.5406
"IRL",1987,74.5,2.3,3.5465
"IRL",1988,74.5,2.2,3.5307
"IRL",1989,74.5,2.1,3.5095
"IRL",1990,74.9,2.1,3.5058
"IRL",1991,75.1,2.1,3.5257
"IRL",1992,75.5,2,3.5545
"IRL",1993,75.3,1.9,3.5741
"IRL",1994,75.9,1.9,3.5859
"IRL",1995,75.6,1.9,3.6013
"IRL",1996,75.9,1.9,3.6261
"IRL",1997,76.1,1.9,3.6643
"IRL",1998,76.3,2,3.7031
"IRL",1999,76.2,1.9,3.7416
"IRL",2000,76.6,1.9,3.7895
"IRL",2001,77.2,2,3.8472
"IRL",2002,77.7,2,3.9172
"IRL",2003,78.2,2,3.9799
"IRL",2004,78.6,2,4.0452
"IRL",2005,79,1.9,4.1338
"IRL",2006,79.3,1.9,4.2329
"IRL",2007,79.7,2,4.3758
"IRL",2008,80.2,2.1,4.4851
"IRL",2009,80.3,2.1,4.5334
"IRL",2010,80.8,2.1,4.5548
"IRL",2011,80.8,2,4.5749
"IRL",2012,80.9,2,4.5854
"IRL",2013,81,2,4.5931
"IRL",2014,81.4,2,4.6099
"ITA",1961,69.8,2.4,49.156
"ITA",1971,72,2.4,53.124
"ITA",1974,72.6,2.3,54.39
"ITA",1975,72.7,2.2,54.764
"ITA",1976,72.8,2.1,55.07
"ITA",1977,73.4,2,55.266
"ITA",1978,73.8,1.9,55.446
"ITA",1979,74.1,1.8,55.602
"ITA",1980,74,1.7,55.657
"ITA",1981,74.3,1.6,55.774
"ITA",1982,74.7,1.6,55.995
"ITA",1983,74.8,1.5,56.228
"ITA",1984,75,1.5,56.344
"ITA",1985,75.6,1.4,56.498
"ITA",1986,75.9,1.4,56.576
"ITA",1987,76.3,1.4,56.664
"ITA",1988,76.5,1.4,56.763
"ITA",1989,76.9,1.3,56.837
"ITA",1990,77.1,1.4,56.737
"ITA",1991,77.1,1.3,56.76
"ITA",1992,77.5,1.3,56.859
"ITA",1993,77.8,1.3,56.44193
"ITA",1994,78,1.2,56.62339
"ITA",1995,78.3,1.2,56.74459
"ITA",1996,78.6,1.2,56.82645
"ITA",1997,78.9,1.2,56.94104
"ITA",1998,79.1,1.2,57.04037
"ITA",1999,79.5,1.2,57.078
"ITA",2000,79.9,1.3,57.189
"ITA",2001,80.2,1.3,57.348
"ITA",2002,80.3,1.3,57.474
"ITA",2003,80.1,1.3,57.478
"ITA",2004,80.9,1.3,57.29746
"ITA",2005,80.9,1.3,57.71593
"ITA",2006,81.4,1.4,57.98418
"ITA",2007,81.5,1.4,58.27189
"ITA",2008,81.6,1.4,58.73968
"ITA",2009,81.7,1.4,59.14009
"ITA",2010,82.1,1.4,59.41965
"ITA",2011,82.3,1.4,59.65969
"ITA",2012,82.3,1.4,59.89803
"ITA",2013,82.8,1.4,60.22473
"ITA",2014,83.2,1.4,60.44791
"JPN",1960,67.8,2,93.419
"JPN",1961,68.4,2,94.285
"JPN",1962,68.7,2,95.178
"JPN",1963,69.8,2,96.156
"JPN",1964,70.3,2.1,97.186
"JPN",1965,70.3,2.1,98.275
"JPN",1966,71,1.6,99.054
"JPN",1967,71.5,2.2,100.243
"JPN",1968,71.7,2.1,101.408
"JPN",1969,71.9,2.1,102.648
"JPN",1970,72,2.1,103.72
"JPN",1971,72.9,2.2,105.014
"JPN",1972,73.2,2.1,107.332
"JPN",1973,73.4,2.1,108.71
"JPN",1974,73.7,2.1,110.049
"JPN",1975,74.3,1.9,111.94
"JPN",1976,74.8,1.9,113.089
"JPN",1977,75.3,1.8,114.154
"JPN",1978,75.7,1.8,115.174
"JPN",1979,76.2,1.8,116.133
"JPN",1980,76.1,1.8,117.06
"JPN",1981,76.5,1.7,117.884
"JPN",1982,76.9,1.8,118.693
"JPN",1983,77,1.8,119.483
"JPN",1984,77.4,1.8,120.235
"JPN",1985,77.6,1.8,121.049
"JPN",1986,78.1,1.7,121.672
"JPN",1987,78.5,1.7,122.264
"JPN",1988,78.4,1.7,122.783
"JPN",1989,78.8,1.6,123.255
"JPN",1990,78.9,1.5,123.611
"JPN",1991,79.1,1.5,124.043
"JPN",1992,79.2,1.5,124.452
"JPN",1993,79.4,1.5,124.764
"JPN",1994,79.8,1.5,125.034
"JPN",1995,79.6,1.4,125.57
"JPN",1996,80.3,1.4,125.864
"JPN",1997,80.5,1.4,126.166
"JPN",1998,80.6,1.4,126.4864
"JPN",1999,80.5,1.3,126.686
"JPN",2000,81.2,1.4,126.926
"JPN",2001,81.5,1.3,127.291
"JPN",2002,81.8,1.3,127.435
"JPN",2003,81.8,1.3,127.619
"JPN",2004,82.1,1.3,127.687
"JPN",2005,82,1.3,127.768
"JPN",2006,82.4,1.3,127.77
"JPN",2007,82.6,1.3,127.771
"JPN",2008,82.7,1.4,127.692
"JPN",2009,83,1.4,127.51
"JPN",2010,82.9,1.4,128.057
"JPN",2011,82.7,1.4,127.799
"JPN",2012,83.2,1.4,127.515
"JPN",2013,83.4,1.4,127.298
"KOR",1970,62.3,4.5,32.24083
"KOR",1971,62.7,4.5,32.8827
"KOR",1972,63.1,4.1,33.50541
"KOR",1973,63.5,4.1,34.10315
"KOR",1974,63.9,3.8,34.69227
"KOR",1975,64.3,3.4,35.28073
"KOR",1976,64.6,3,35.84852
"KOR",1977,65,3,36.4118
"KOR",1978,65.3,2.6,36.96918
"KOR",1979,65.6,2.9,37.53423
"KOR",1980,66.1,2.8,38.12377
"KOR",1981,66.7,2.6,38.72325
"KOR",1982,67.2,2.4,39.32635
"KOR",1983,67.7,2.1,39.9104
"KOR",1984,68.3,1.7,40.40596
"KOR",1985,68.9,1.7,40.80574
"KOR",1986,69.5,1.6,41.21368
"KOR",1987,70.1,1.5,41.62169
"KOR",1988,70.7,1.6,42.03125
"KOR",1989,71.2,1.6,42.44904
"KOR",1990,71.7,1.6,42.86928
"KOR",1991,72.2,1.7,43.2957
"KOR",1992,72.6,1.8,43.74796
"KOR",1993,73.1,1.7,44.19463
"KOR",1994,73.5,1.7,44.64154
"KOR",1995,73.8,1.6,45.09299
"KOR",1996,74.2,1.6,45.52468
"KOR",1997,74.7,1.5,45.95358
"KOR",1998,75.1,1.4,46.2865
"KOR",1999,75.5,1.4,46.61668
"KOR",2000,76,1.5,47.00811
"KOR",2001,76.5,1.3,47.35736
"KOR",2002,76.8,1.2,47.62218
"KOR",2003,77.3,1.2,47.85931
"KOR",2004,77.8,1.2,48.03941
"KOR",2005,78.2,1.1,48.13808
"KOR",2006,78.8,1.1,48.37195
"KOR",2007,79.2,1.3,48.59765
"KOR",2008,79.6,1.2,48.9487
"KOR",2009,80,1.1,49.18204
"KOR",2010,80.2,1.2,49.41037
"KOR",2011,80.6,1.2,49.77944
"KOR",2012,80.9,1.3,50.00444
"KOR",2013,81.4,1.2,50.22
"KOR",2014,81.8,1.2,50.424
"LUX",1960,69.4,2.3,0.313969
"LUX",1971,69.7,2,0.34242
"LUX",1972,70.9,1.8,0.3466
"LUX",1973,70.8,1.6,0.35045
"LUX",1974,70.8,1.6,0.35505
"LUX",1975,70.8,1.6,0.35895
"LUX",1976,70.8,1.5,0.360731
"LUX",1977,72.2,1.5,0.361357
"LUX",1978,72.1,1.5,0.362007
"LUX",1979,72.8,1.5,0.362855
"LUX",1980,72.8,1.5,0.36415
"LUX",1981,72.6,1.6,0.365225
"LUX",1982,72.7,1.5,0.365525
"LUX",1983,73.5,1.4,0.365622
"LUX",1984,73.3,1.4,0.365998
"LUX",1985,73.8,1.4,0.366706
"LUX",1986,74.7,1.4,0.368355
"LUX",1987,74.3,1.4,0.37075
"LUX",1988,75,1.5,0.37345
"LUX",1989,74.8,1.5,0.3771
"LUX",1990,75.6,1.6,0.38185
"LUX",1991,75.7,1.6,0.387
"LUX",1992,75.3,1.7,0.392175
"LUX",1993,75.9,1.7,0.397475
"LUX",1994,76.6,1.7,0.402925
"LUX",1995,76.8,1.7,0.408625
"LUX",1996,76.8,1.8,0.414225
"LUX",1997,77,1.7,0.41945
"LUX",1998,77.3,1.7,0.4247
"LUX",1999,77.9,1.7,0.430475
"LUX",2000,78,1.8,0.4363
"LUX",2001,77.9,1.7,0.4415
"LUX",2002,78.1,1.6,0.4462
"LUX",2003,77.8,1.6,0.45
"LUX",2004,79.2,1.7,0.455
"LUX",2005,79.5,1.6,0.4612
"LUX",2006,79.4,1.6,0.4691
"LUX",2007,79.5,1.6,0.4762
"LUX",2008,80.6,1.6,0.4838
"LUX",2009,80.7,1.6,0.4935
"LUX",2010,80.7,1.6,0.5021
"LUX",2011,81.1,1.5,0.5118
"LUX",2012,81.5,1.6,0.5249
"LUX",2013,81.9,1.6,0.537
"LUX",2014,82.3,1.5,0.5497
"MEX",1970,60.9,6.7,50.78524
"MEX",1971,62.4,6.6,52.34549
"MEX",1972,63.1,6.5,53.94499
"MEX",1973,63.7,6.4,55.57468
"MEX",1974,64.2,6.2,57.2322
"MEX",1975,64.7,5.9,58.9102
"MEX",1976,65.2,5.7,60.60077
"MEX",1977,65.7,5.4,62.29748
"MEX",1978,66.1,5.2,63.99456
"MEX",1979,66.6,4.9,65.68927
"MEX",1980,67.2,4.7,67.38423
"MEX",1981,67.7,4.5,69.08197
"MEX",1982,68.2,4.3,70.78277
"MEX",1983,68.6,4.2,72.47754
"MEX",1984,69.1,4,74.15733
"MEX",1985,69.5,3.9,75.82015
"MEX",1986,69.9,3.8,77.46854
"MEX",1987,70.2,3.7,79.10466
"MEX",1988,70.6,3.6,80.73296
"MEX",1989,70.8,3.5,82.35509
"MEX",1990,70.5,3.4,83.97102
"MEX",1991,70.9,3.3,85.58334
"MEX",1992,71.3,3.2,87.18483
"MEX",1993,71.7,3.1,88.75202
"MEX",1994,72,3,90.26577
"MEX",1995,72.3,3,91.72453
"MEX",1996,72.5,2.9,93.13009
"MEX",1997,72.8,2.8,94.47805
"MEX",1998,73,2.8,95.79013
"MEX",1999,73.2,2.7,97.11483
"MEX",2000,73.3,2.6,98.43855
"MEX",2001,73.5,2.6,99.71552
"MEX",2002,73.6,2.6,100.9094
"MEX",2003,73.8,2.5,101.9996
"MEX",2004,73.9,2.5,103.0019
"MEX",2005,74,2.5,107.151
"MEX",2006,74.1,2.4,108.4088
"MEX",2007,74.2,2.4,109.7874
"MEX",2008,74.1,2.3,111.299
"MEX",2009,74,2.3,112.8526
"MEX",2010,74.1,2.3,114.2556
"MEX",2011,74.2,2.3,115.6829
"MEX",2012,74.4,2.2,117.0538
"MEX",2013,74.6,2.2,118.3951
"MEX",2014,74.8,2.2,119.713
"NLD",1960,73.5,3.1,11.48663
"NLD",1961,73.8,3.2,11.63871
"NLD",1962,73.4,3.2,11.80569
"NLD",1963,73.4,3.2,11.96597
"NLD",1964,73.8,3.2,12.12712
"NLD",1965,73.6,3,12.29473
"NLD",1966,73.6,2.9,12.45625
"NLD",1967,73.9,2.8,12.5982
"NLD",1968,73.7,2.7,12.72972
"NLD",1969,73.6,2.7,12.87798
"NLD",1970,73.7,2.6,13.03853
"NLD",1971,73.9,2.4,13.1945
"NLD",1972,73.8,2.2,13.32859
"NLD",1973,74.2,1.9,13.43932
"NLD",1974,74.6,1.8,13.54506
"NLD",1975,74.6,1.7,13.66633
"NLD",1976,74.7,1.6,13.77404
"NLD",1977,75.3,1.6,13.85618
"NLD",1978,75.3,1.6,13.9417
"NLD",1979,75.7,1.6,14.03827
"NLD",1980,75.9,1.6,14.1498
"NLD",1981,76,1.6,14.24721
"NLD",1982,76.1,1.5,14.31269
"NLD",1983,76.3,1.5,14.36707
"NLD",1984,76.4,1.5,14.42421
"NLD",1985,76.5,1.5,14.49163
"NLD",1986,76.4,1.6,14.57228
"NLD",1987,76.9,1.6,14.66504
"NLD",1988,77.1,1.5,14.76009
"NLD",1989,76.9,1.6,14.84891
"NLD",1990,77,1.6,14.95151
"NLD",1991,77.2,1.6,15.0698
"NLD",1992,77.4,1.6,15.18417
"NLD",1993,77.1,1.6,15.29037
"NLD",1994,77.5,1.6,15.38284
"NLD",1995,77.6,1.5,15.45901
"NLD",1996,77.6,1.5,15.5305
"NLD",1997,78,1.6,15.61065
"NLD",1998,78,1.6,15.70721
"NLD",1999,77.9,1.7,15.81209
"NLD",2000,78.2,1.7,15.92551
"NLD",2001,78.3,1.7,16.04618
"NLD",2002,78.4,1.7,16.14893
"NLD",2003,78.7,1.7,16.2253
"NLD",2004,79.2,1.7,16.28178
"NLD",2005,79.5,1.7,16.31987
"NLD",2006,79.9,1.7,16.3461
"NLD",2007,80.3,1.7,16.3817
"NLD",2008,80.5,1.8,16.44559
"NLD",2009,80.8,1.8,16.53039
"NLD",2010,81,1.8,16.61539
"NLD",2011,81.3,1.8,16.69307
"NLD",2012,81.2,1.7,16.75496
"NLD",2013,81.4,1.7,16.80443
"NZL",1961,71.1,4.3,2.427
"NZL",1962,71.2,4.2,2.485
"NZL",1963,71.2,4.1,2.537
"NZL",1964,71.2,3.8,2.589
"NZL",1965,71.2,3.5,2.635
"NZL",1966,71.3,3.4,2.683
"NZL",1967,71.4,3.3,2.728
"NZL",1968,71.4,3.3,2.754
"NZL",1969,71.5,3.3,2.78
"NZL",1970,71.5,3.2,2.82
"NZL",1971,71.6,3.2,2.864
"NZL",1972,71.7,3,2.913
"NZL",1973,71.8,2.8,2.971
"NZL",1974,72,2.6,3.032
"NZL",1975,72.1,2.4,3.087
"NZL",1976,72.3,2.3,3.116
"NZL",1977,72.5,2.2,3.128
"NZL",1978,72.7,2.1,3.129
"NZL",1979,72.9,2.1,3.124
"NZL",1980,73.2,2,3.144
"NZL",1981,73.4,2,3.157
"NZL",1982,73.6,1.9,3.183
"NZL",1983,73.7,1.9,3.226
"NZL",1984,73.8,1.9,3.258
"NZL",1985,74,1.9,3.272
"NZL",1986,74.1,2,3.277
"NZL",1987,74.5,2,3.304
"NZL",1988,74.8,2.1,3.317
"NZL",1989,75.2,2.1,3.33
"NZL",1990,75.5,2.2,3.363
"NZL",1991,75.8,2.1,3.4951
"NZL",1992,76.1,2.1,3.5317
"NZL",1993,76.3,2,3.5722
"NZL",1994,76.6,2,3.62
"NZL",1995,76.8,2,3.6734
"NZL",1996,77.1,2,3.732
"NZL",1997,77.4,2,3.7813
"NZL",1998,77.7,1.9,3.815
"NZL",1999,78.1,2,3.8351
"NZL",2000,78.4,2,3.8577
"NZL",2001,78.7,2,3.8805
"NZL",2002,79,1.9,3.9485
"NZL",2003,79.3,1.9,4.0272
"NZL",2004,79.6,2,4.0875
"NZL",2005,79.8,2,4.1339
"NZL",2006,80.1,2,4.1846
"NZL",2007,80.3,2.2,4.2238
"NZL",2008,80.5,2.2,4.2598
"NZL",2009,80.7,2.1,4.3026
"NZL",2010,80.8,2.2,4.3507
"NZL",2011,81,2.1,4.384
"NZL",2012,81.2,2.1,4.4081
"NZL",2013,81.4,2,4.4421
"NZL",2014,81.5,1.9,4.5097
"NOR",1960,73.8,2.9,3.585
"NOR",1961,73.8,2.9,3.615
"NOR",1962,73.7,2.9,3.639
"NOR",1963,73.4,2.9,3.667
"NOR",1964,73.9,3,3.694
"NOR",1965,74,2.9,3.723
"NOR",1966,74.3,2.9,3.753
"NOR",1967,74.3,2.8,3.785
"NOR",1968,74.2,2.8,3.819
"NOR",1969,74,2.7,3.851
"NOR",1970,74.4,2.5,3.879
"NOR",1971,74.4,2.5,3.903
"NOR",1972,74.6,2.4,3.933
"NOR",1973,74.7,2.2,3.961
"NOR",1974,75.1,2.1,3.985
"NOR",1975,75.1,2,4.007
"NOR",1976,75.3,1.9,4.026
"NOR",1977,75.7,1.8,4.043
"NOR",1978,75.8,1.8,4.059
"NOR",1979,75.8,1.8,4.073
"NOR",1980,75.9,1.7,4.086
"NOR",1981,76.1,1.7,4.1
"NOR",1982,76.2,1.7,4.115
"NOR",1983,76.3,1.7,4.128
"NOR",1984,76.4,1.7,4.14
"NOR",1985,76.1,1.7,4.153
"NOR",1986,76.5,1.7,4.169
"NOR",1987,76.3,1.7,4.187
"NOR",1988,76.4,1.8,4.209
"NOR",1989,76.7,1.9,4.227
"NOR",1990,76.7,1.9,4.241
"NOR",1991,77.1,1.9,4.262
"NOR",1992,77.4,1.9,4.287
"NOR",1993,77.3,1.9,4.312
"NOR",1994,77.9,1.9,4.337
"NOR",1995,77.9,1.9,4.358979
"NOR",1996,78.3,1.9,4.381335
"NOR",1997,78.3,1.9,4.405157
"NOR",1998,78.5,1.8,4.431464
"NOR",1999,78.4,1.8,4.462
"NOR",2000,78.8,1.9,4.491
"NOR",2001,78.9,1.8,4.514
"NOR",2002,79,1.8,4.538
"NOR",2003,79.6,1.8,4.564
"NOR",2004,80.1,1.8,4.59191
"NOR",2005,80.3,1.8,4.623291
"NOR",2006,80.6,1.9,4.661
"NOR",2007,80.6,1.9,4.709
"NOR",2008,80.8,2,4.768
"NOR",2009,81,2,4.828726
"NOR",2010,81.2,1.9,4.889
"NOR",2011,81.4,1.9,4.953
"NOR",2012,81.5,1.9,5.019
"NOR",2013,81.8,1.8,5.08
"NOR",2014,82.2,1.8,5.137
"POL",1960,67.8,3,29.561
"POL",1961,67.8,2.8,29.965
"POL",1962,67.5,2.7,30.324
"POL",1963,68.5,2.7,30.691
"POL",1964,68.7,2.6,31.161
"POL",1965,69.5,2.5,31.496
"POL",1966,69.9,2.3,31.698
"POL",1967,69.5,2.3,31.944
"POL",1968,70.3,2.2,32.305
"POL",1969,69.8,2.2,32.555
"POL",1970,70,2.2,32.526
"POL",1971,69.7,2.3,32.805
"POL",1972,70.7,2.2,33.068
"POL",1973,70.7,2.3,33.363
"POL",1974,71.2,2.3,33.691
"POL",1975,70.6,2.3,34.022
"POL",1976,70.7,2.3,34.362
"POL",1977,70.5,2.2,34.698
"POL",1978,70.4,2.2,35.01
"POL",1979,70.9,2.3,35.257
"POL",1980,70.2,2.3,35.578
"POL",1981,71.2,2.2,35.902
"POL",1982,71.2,2.3,36.227
"POL",1983,71.1,2.4,36.571
"POL",1984,70.9,2.4,36.914
"POL",1985,71.1,2.3,37.203
"POL",1986,71,2.2,37.456
"POL",1987,71.5,2.2,37.664
"POL",1988,71.5,2.1,37.862
"POL",1989,71.2,2.1,37.937
"POL",1990,70.8,2,38.031
"POL",1991,70.5,2,38.109
"POL",1992,71.1,1.9,38.173
"POL",1993,71.6,1.8,38.221
"POL",1994,71.8,1.7,38.252
"POL",1995,72.1,1.5,38.275
"POL",1996,72.4,1.5,38.289
"POL",1997,72.8,1.5,38.292
"POL",1998,73.2,1.4,38.283
"POL",1999,73.2,1.4,38.27
"POL",2000,73.8,1.4,38.256
"POL",2001,74.2,1.3,38.251
"POL",2002,74.6,1.2,38.232
"POL",2003,74.7,1.2,38.195
"POL",2004,74.9,1.2,38.18
"POL",2005,75.1,1.2,38.161
"POL",2006,75.3,1.3,38.132
"POL",2007,75.4,1.3,38.116
"POL",2008,75.7,1.4,38.116
"POL",2009,75.8,1.4,38.153
"POL",2010,76.5,1.4,38.517
"POL",2011,76.8,1.3,38.526
"POL",2012,76.9,1.3,38.534
"POL",2013,77.1,1.3,38.502
"POL",2014,77.7,1.3,38.484
"PRT",1960,63.9,3.1,8.857716
"PRT",1961,62.7,3.2,8.929316
"PRT",1962,64.1,3.2,8.993985
"PRT",1963,64.7,3.1,9.030355
"PRT",1964,64.9,3.2,9.035365
"PRT",1965,65.8,3.1,8.998595
"PRT",1966,65.2,3.1,8.93099
"PRT",1967,66,3.1,8.87452
"PRT",1968,66.4,3,8.83665
"PRT",1969,65.9,3,8.757705
"PRT",1970,66.7,2.8,8.680431
"PRT",1971,66.4,2.8,8.643756
"PRT",1972,68.4,2.7,8.63043
"PRT",1973,67.5,2.7,8.6331
"PRT",1974,68.1,2.6,8.754365
"PRT",1975,68.4,2.6,9.09347
"PRT",1976,69,2.6,9.35581
"PRT",1977,70.1,2.5,9.455675
"PRT",1978,70.5,2.3,9.55825
"PRT",1979,71.3,2.2,9.661265
"PRT",1980,71.4,2.2,9.766312
"PRT",1981,71.7,2.1,9.851362
"PRT",1982,72.5,2.1,9.91177
"PRT",1983,72.4,2,9.957865
"PRT",1984,72.7,1.9,9.996232
"PRT",1985,73,1.7,10.02361
"PRT",1986,73.4,1.7,10.03273
"PRT",1987,73.8,1.6,10.03003
"PRT",1988,73.8,1.6,10.01961
"PRT",1989,74.4,1.6,10.005
"PRT",1990,74.1,1.6,9.983218
"PRT",1991,74.1,1.6,9.960235
"PRT",1992,74.7,1.5,9.952493
"PRT",1993,74.6,1.5,9.964674
"PRT",1994,75.5,1.4,9.991525
"PRT",1995,75.4,1.4,10.02618
"PRT",1996,75.3,1.4,10.06394
"PRT",1997,75.8,1.5,10.10898
"PRT",1998,76,1.5,10.1602
"PRT",1999,76.3,1.5,10.21783
"PRT",2000,76.9,1.6,10.2899
"PRT",2001,77.2,1.5,10.36272
"PRT",2002,77.4,1.5,10.41963
"PRT",2003,77.5,1.4,10.45882
"PRT",2004,78.4,1.4,10.48386
"PRT",2005,78.2,1.4,10.50333
"PRT",2006,79,1.4,10.52229
"PRT",2007,79.2,1.4,10.54296
"PRT",2008,79.5,1.4,10.55818
"PRT",2009,79.7,1.4,10.56825
"PRT",2010,80,1.4,10.5731
"PRT",2011,80.6,1.4,10.55756
"PRT",2012,80.5,1.3,10.51484
"PRT",2013,80.8,1.2,10.45729
"SVK",1960,70.3,3.1,4.068094
"SVK",1961,70.9,3,4.191667
"SVK",1962,70.4,2.8,4.238188
"SVK",1963,70.8,2.9,4.282016
"SVK",1964,71.2,2.9,4.327341
"SVK",1965,70.4,2.8,4.370983
"SVK",1966,70.6,2.7,4.411666
"SVK",1967,71.2,2.5,4.449367
"SVK",1968,70.7,2.4,4.483914
"SVK",1969,70.1,2.4,4.518607
"SVK",1970,70,2.4,4.538222
"SVK",1971,70,2.4,4.557448
"SVK",1972,70.5,2.5,4.596621
"SVK",1973,70.1,2.6,4.641444
"SVK",1974,70.3,2.6,4.689623
"SVK",1975,70.5,2.5,4.739105
"SVK",1976,70.6,2.5,4.789506
"SVK",1977,70.6,2.5,4.8405
"SVK",1978,70.6,2.5,4.890124
"SVK",1979,70.9,2.4,4.938972
"SVK",1980,70.6,2.3,4.979815
"SVK",1981,70.9,2.3,5.016105
"SVK",1982,71,2.3,5.055098
"SVK",1983,70.7,2.3,5.091971
"SVK",1984,71,2.3,5.127097
"SVK",1985,71,2.3,5.161767
"SVK",1986,71.2,2.2,5.193837
"SVK",1987,71.4,2.1,5.22284
"SVK",1988,71.5,2.1,5.250596
"SVK",1989,71.3,2.1,5.275941
"SVK",1990,71.2,2.1,5.299187
"SVK",1991,71.2,2,5.303294
"SVK",1992,71.6,2,5.305016
"SVK",1993,72.1,1.9,5.325305
"SVK",1994,72.5,1.7,5.346331
"SVK",1995,72.5,1.5,5.361998
"SVK",1996,72.9,1.5,5.373361
"SVK",1997,72.9,1.4,5.383291
"SVK",1998,72.8,1.4,5.390516
"SVK",1999,73.2,1.3,5.396019
"SVK",2000,73.4,1.3,5.38872
"SVK",2001,73.6,1.2,5.378867
"SVK",2002,73.8,1.2,5.376912
"SVK",2003,73.8,1.2,5.373374
"SVK",2004,74.2,1.2,5.37228
"SVK",2005,74.2,1.3,5.372806
"SVK",2006,74.4,1.2,5.373054
"SVK",2007,74.5,1.3,5.374622
"SVK",2008,75,1.3,5.379232
"SVK",2009,75.3,1.4,5.386405
"SVK",2010,75.6,1.4,5.391428
"SVK",2011,76.1,1.5,5.398384
"SVK",2012,76.2,1.3,5.407579
"SVK",2013,76.5,1.3,5.415949
"ESP",1960,69.8,2.9,30.256
"ESP",1970,72,2.9,33.75282
"ESP",1975,73.4,2.8,35.68771
"ESP",1976,73.7,2.8,36.11804
"ESP",1977,74.2,2.7,36.56384
"ESP",1978,74.4,2.6,36.97147
"ESP",1979,74.9,2.4,37.28901
"ESP",1980,75.4,2.2,37.52691
"ESP",1981,75.7,2,37.76446
"ESP",1982,76.3,1.9,37.98711
"ESP",1983,76,1.8,38.16026
"ESP",1984,76.4,1.7,38.32524
"ESP",1985,76.4,1.6,38.46702
"ESP",1986,76.7,1.6,38.57194
"ESP",1987,76.9,1.5,38.68232
"ESP",1988,76.9,1.5,38.76431
"ESP",1989,77,1.4,38.82138
"ESP",1990,77,1.4,38.86083
"ESP",1991,77.1,1.3,38.94162
"ESP",1992,77.6,1.3,39.14794
"ESP",1993,77.7,1.3,39.35608
"ESP",1994,78.1,1.2,39.54735
"ESP",1995,78.1,1.2,39.71889
"ESP",1996,78.3,1.2,39.88425
"ESP",1997,78.8,1.2,40.04997
"ESP",1998,78.9,1.2,40.21407
"ESP",1999,78.8,1.2,40.36967
"ESP",2000,79.3,1.2,40.55439
"ESP",2001,79.8,1.2,40.76605
"ESP",2002,79.9,1.3,41.42352
"ESP",2003,79.7,1.3,42.19623
"ESP",2004,80.4,1.3,42.85917
"ESP",2005,80.3,1.3,43.66261
"ESP",2006,81.1,1.4,44.36052
"ESP",2007,81.2,1.4,45.236
"ESP",2008,81.5,1.5,45.98317
"ESP",2009,81.9,1.4,46.36755
"ESP",2010,82.4,1.4,46.56248
"ESP",2011,82.6,1.3,46.73626
"ESP",2012,82.5,1.3,46.7664
"ESP",2013,83.2,1.3,46.59323
"ESP",2014,83.3,1.3,46.46405
"SWE",1960,73.1,2.2,7.484656
"SWE",1961,73.5,2.2,7.519997
"SWE",1962,73.4,2.3,7.561588
"SWE",1963,73.6,2.3,7.604327
"SWE",1964,73.8,2.5,7.661353
"SWE",1965,73.9,2.4,7.733853
"SWE",1966,74.2,2.4,7.807797
"SWE",1967,74.2,2.3,7.867931
"SWE",1968,74.1,2.1,7.912273
"SWE",1969,74.2,1.9,7.968071
"SWE",1970,74.8,1.9,8.0428
"SWE",1971,74.8,2,8.098334
"SWE",1972,74.8,1.9,8.122299
"SWE",1973,75,1.9,8.136312
"SWE",1974,75.1,1.9,8.159955
"SWE",1975,75.2,1.8,8.192437
"SWE",1976,75.1,1.7,8.222285
"SWE",1977,75.6,1.6,8.25154
"SWE",1978,75.7,1.6,8.275598
"SWE",1979,75.7,1.7,8.293677
"SWE",1980,75.9,1.7,8.31053
"SWE",1981,76.2,1.6,8.320502
"SWE",1982,76.5,1.6,8.325263
"SWE",1983,76.7,1.6,8.329032
"SWE",1984,77,1.7,8.336605
"SWE",1985,76.8,1.7,8.350386
"SWE",1986,77.1,1.8,8.369829
"SWE",1987,77.3,1.8,8.397804
"SWE",1988,77.1,2,8.436488
"SWE",1989,77.8,2,8.492963
"SWE",1990,77.7,2.1,8.558834
"SWE",1991,77.9,2.1,8.617375
"SWE",1992,78.2,2.1,8.668066
"SWE",1993,78.2,2,8.718561
"SWE",1994,78.9,1.9,8.780745
"SWE",1995,79,1.7,8.826938
"SWE",1996,79.2,1.6,8.840997
"SWE",1997,79.4,1.5,8.846062
"SWE",1998,79.5,1.5,8.850973
"SWE",1999,79.6,1.5,8.857874
"SWE",2000,79.7,1.5,8.872109
"SWE",2001,79.9,1.6,8.89596
"SWE",2002,79.9,1.7,8.924958
"SWE",2003,80.3,1.7,8.958229
"SWE",2004,80.6,1.8,8.993531
"SWE",2005,80.7,1.8,9.029572
"SWE",2006,81,1.9,9.080504
"SWE",2007,81.1,1.9,9.148092
"SWE",2008,81.3,1.9,9.219637
"SWE",2009,81.5,1.9,9.298514
"SWE",2010,81.6,2,9.378126
"SWE",2011,81.9,1.9,9.449212
"SWE",2012,81.8,1.9,9.519374
"SWE",2013,82,1.9,9.609
"CHE",1960,71.4,2.4,5.327827
"CHE",1961,71.8,2.5,5.434294
"CHE",1962,71.3,2.6,5.573815
"CHE",1963,71.3,2.7,5.694247
"CHE",1964,72.2,2.7,5.789228
"CHE",1965,72.3,2.6,5.856472
"CHE",1966,72.5,2.5,5.918002
"CHE",1967,72.8,2.4,5.991785
"CHE",1968,72.7,2.3,6.067713
"CHE",1969,72.7,2.2,6.136387
"CHE",1970,73.1,2.1,6.180882
"CHE",1971,73.3,2,6.213405
"CHE",1972,73.8,1.9,6.260956
"CHE",1973,74.1,1.8,6.307348
"CHE",1974,74.4,1.7,6.341406
"CHE",1975,74.8,1.6,6.338632
"CHE",1976,74.9,1.5,6.302505
"CHE",1977,75.4,1.5,6.281175
"CHE",1978,75.4,1.5,6.281737
"CHE",1979,75.7,1.5,6.294364
"CHE",1980,75.7,1.6,6.319409
"CHE",1981,75.9,1.5,6.354073
"CHE",1982,76.2,1.6,6.391309
"CHE",1983,76.2,1.5,6.418774
"CHE",1984,76.9,1.5,6.441865
"CHE",1985,77,1.5,6.470366
"CHE",1986,77.1,1.5,6.504125
"CHE",1987,77.5,1.5,6.545107
"CHE",1988,77.5,1.6,6.593387
"CHE",1989,77.7,1.6,6.646912
"CHE",1990,77.5,1.6,6.712273
"CHE",1991,77.8,1.6,6.799979
"CHE",1992,78,1.6,6.875364
"CHE",1993,78.4,1.5,6.938265
"CHE",1994,78.6,1.5,6.993795
"CHE",1995,78.7,1.5,7.040687
"CHE",1996,79.1,1.5,7.071851
"CHE",1997,79.3,1.5,7.088906
"CHE",1998,79.6,1.5,7.110002
"CHE",1999,79.8,1.5,7.143991
"CHE",2000,79.9,1.5,7.18425
"CHE",2001,80.4,1.4,7.226647
"CHE",2002,80.6,1.4,7.284754
"CHE",2003,80.6,1.4,7.339
"CHE",2004,81.2,1.4,7.389625
"CHE",2005,81.4,1.4,7.437115
"CHE",2006,81.7,1.4,7.483934
"CHE",2007,82,1.5,7.551117
"CHE",2008,82.2,1.5,7.647675
"CHE",2009,82.3,1.5,7.743831
"CHE",2010,82.6,1.5,7.82797
"CHE",2011,82.8,1.5,7.912398
"CHE",2012,82.8,1.5,7.996861
"CHE",2013,82.9,1.5,8.14
"TUR",1960,48.3,6.4,27.506
"TUR",1961,49,6.3,28.227
"TUR",1962,49.7,6.3,28.931
"TUR",1963,50.3,6.2,29.652
"TUR",1964,51,6,30.391
"TUR",1965,51.6,5.8,31.149
"TUR",1966,52.2,5.7,31.936
"TUR",1967,52.9,5.5,32.75
"TUR",1968,53.4,5.3,33.586
"TUR",1969,53.8,5.2,34.443
"TUR",1970,54.2,5,35.321
"TUR",1971,54.6,5,36.215
"TUR",1972,55,5,37.133
"TUR",1973,55.4,5.6,38.073
"TUR",1974,55.7,5.5,39.037
"TUR",1975,56.1,5.3,40.026
"TUR",1976,56.5,5.2,40.916
"TUR",1977,56.9,4.9,41.769
"TUR",1978,57.3,5.1,42.641
"TUR",1979,57.7,4.8,43.531
"TUR",1980,58.1,4.6,44.439
"TUR",1981,58.5,4.4,45.54
"TUR",1982,58.9,4.2,46.688
"TUR",1983,59.7,4.1,47.864
"TUR",1984,60.9,3.9,49.07
"TUR",1985,62.1,3.8,50.307
"TUR",1986,63.2,3.6,51.48
"TUR",1987,64.4,3.4,52.37
"TUR",1988,65.2,3.3,53.268
"TUR",1989,65.7,3.4,54.192
"TUR",1990,67.5,3.1,55.12
"TUR",1991,67.8,3,56.055
"TUR",1992,68.2,2.9,56.986
"TUR",1993,68.5,2.9,57.913
"TUR",1994,68.9,2.8,58.837
"TUR",1995,69.3,2.8,59.756
"TUR",1996,69.7,2.7,60.671
"TUR",1997,70.1,2.6,61.582
"TUR",1998,70.3,2.6,62.464
"TUR",1999,70.7,2.5,63.364
"TUR",2000,71.1,2.3,64.26875
"TUR",2001,71.5,2.4,65.16633
"TUR",2002,71.9,2.2,66.00251
"TUR",2003,72.3,2.1,66.79455
"TUR",2004,72.7,2.1,67.59873
"TUR",2005,73.1,2.1,68.43538
"TUR",2006,73.4,2.1,69.29525
"TUR",2007,73.7,2.2,70.15811
"TUR",2008,73.9,2.2,71.05168
"TUR",2009,74.1,2.1,72.0392
"TUR",2010,74.3,2.1,73.14215
"TUR",2011,74.6,2,74.22363
"TUR",2012,74.6,2.1,75.17583
"TUR",2013,78,2.1,76.05462
"TUR",2014,78,2.2,76.90287
"GBR",1960,70.8,2.7,52.373
"GBR",1961,70.7,2.8,52.807
"GBR",1970,71.9,2.4,55.632
"GBR",1971,71.9,2.4,55.928
"GBR",1980,73.2,1.9,56.33
"GBR",1981,73.8,1.8,56.357
"GBR",1982,74.1,1.8,56.291
"GBR",1983,74.3,1.8,56.316
"GBR",1984,74.5,1.8,56.409
"GBR",1985,74.7,1.8,56.554
"GBR",1986,74.8,1.8,56.684
"GBR",1987,75.2,1.8,56.804
"GBR",1988,75.3,1.8,56.916
"GBR",1989,75.4,1.8,57.076
"GBR",1990,75.7,1.8,57.237
"GBR",1991,75.9,1.8,57.439
"GBR",1992,76.3,1.8,57.585
"GBR",1993,76.2,1.8,57.714
"GBR",1994,76.8,1.7,57.862
"GBR",1995,76.7,1.7,58.025
"GBR",1996,76.9,1.7,58.164
"GBR",1997,77.2,1.7,58.314
"GBR",1998,77.3,1.7,58.475
"GBR",1999,77.5,1.7,58.684
"GBR",2000,77.9,1.6,58.886
"GBR",2001,78.2,1.6,59.113
"GBR",2002,78.3,1.6,58.56963
"GBR",2003,78.4,1.7,58.83895
"GBR",2004,79,1.8,59.14912
"GBR",2005,79.2,1.8,59.59104
"GBR",2006,79.5,1.8,60.00257
"GBR",2007,79.7,1.9,60.48182
"GBR",2008,79.8,1.9,60.98238
"GBR",2009,80.4,1.9,61.42372
"GBR",2010,80.6,1.9,61.91464
"GBR",2011,81,1.9,62.4352
"GBR",2012,81,1.9,62.8588
"GBR",2013,81.1,1.8,63.23794
"GBR",2014,81.4,1.8,63.65001
"USA",1960,69.9,3.7,180.6712
"USA",1961,70.4,3.6,183.6915
"USA",1962,70.2,3.5,186.5377
"USA",1963,70,3.3,189.2418
"USA",1964,70.3,3.2,191.8888
"USA",1965,70.3,2.9,194.303
"USA",1966,70.3,2.7,196.5603
"USA",1967,70.7,2.6,198.7121
"USA",1968,70.4,2.5,200.706
"USA",1969,70.6,2.5,202.677
"USA",1970,70.9,2.5,205.0522
"USA",1971,71.2,2.3,207.6607
"USA",1972,71.3,2,209.896
"USA",1973,71.5,1.9,211.9088
"USA",1974,72.1,1.8,213.8539
"USA",1975,72.7,1.8,215.9732
"USA",1976,73,1.7,218.0352
"USA",1977,73.4,1.8,220.2394
"USA",1978,73.5,1.8,222.5845
"USA",1979,73.9,1.8,225.0555
"USA",1980,73.7,1.8,227.2247
"USA",1981,74.1,1.8,229.4657
"USA",1982,74.5,1.8,231.6645
"USA",1983,74.6,1.8,233.792
"USA",1984,74.7,1.8,235.8249
"USA",1985,74.7,1.8,237.9238
"USA",1986,74.7,1.8,240.1329
"USA",1987,74.9,1.9,242.2889
"USA",1988,74.9,1.9,244.499
"USA",1989,75.1,2,246.8192
"USA",1990,75.3,2.1,249.6228
"USA",1991,75.5,2.1,252.9809
"USA",1992,75.7,2,256.5142
"USA",1993,75.5,2,259.9186
"USA",1994,75.7,2,263.1258
"USA",1995,75.7,2,266.2784
"USA",1996,76.1,2,269.3943
"USA",1997,76.5,2,272.6469
"USA",1998,76.7,2,275.8541
"USA",1999,76.7,2,279.0402
"USA",2000,76.7,2.1,282.1624
"USA",2001,76.9,2,284.969
"USA",2002,77,2,287.6252
"USA",2003,77.1,2,290.1079
"USA",2004,77.6,2,292.8053
"USA",2005,77.6,2.1,295.5166
"USA",2006,77.8,2.1,298.3799
"USA",2007,78.1,2.1,301.2312
"USA",2008,78.1,2.1,304.094
"USA",2009,78.5,2,306.7715
"USA",2010,78.6,1.9,309.3471
"USA",2011,78.7,1.9,311.7216
"USA",2012,78.8,1.9,314.1121
"USA",2013,78.8,1.9,316.498
"USA",2014,78.9,1.9,318.857
"BRA",1960,54.3,6.1,69.717
"BRA",1961,54.8,6,71.818
"BRA",1962,55.3,6,73.969
"BRA",1963,55.8,5.9,76.169
"BRA",1964,56.3,5.8,78.414
"BRA",1965,56.8,5.7,80.703
"BRA",1966,57.3,5.6,83.033
"BRA",1967,57.8,5.5,85.402
"BRA",1968,58.3,5.3,87.807
"BRA",1969,58.8,5.2,90.246
"BRA",1970,59.2,5,92.716
"BRA",1971,59.6,4.9,95.215
"BRA",1972,60,4.8,97.741
"BRA",1973,60.3,4.6,100.291
"BRA",1974,60.6,4.6,102.861
"BRA",1975,60.9,4.5,105.45
"BRA",1976,61.1,4.4,108.054
"BRA",1977,61.3,4.3,110.671
"BRA",1978,61.6,4.2,113.297
"BRA",1979,61.8,4.2,115.929
"BRA",1980,62.1,4.1,118.5625
"BRA",1981,62.4,4,121.3813
"BRA",1982,62.7,3.9,124.2508
"BRA",1983,63,3.7,127.1404
"BRA",1984,63.3,3.6,130.0825
"BRA",1985,63.6,3.5,132.9993
"BRA",1986,64,3.4,135.8143
"BRA",1987,64.3,3.2,138.5859
"BRA",1988,64.7,3.1,141.313
"BRA",1989,65.1,3,143.9973
"BRA",1990,65.4,2.9,146.5926
"BRA",1991,65.8,2.8,149.0943
"BRA",1992,66.3,2.8,151.5468
"BRA",1993,66.7,2.7,153.9856
"BRA",1994,67.2,2.6,156.431
"BRA",1995,67.7,2.6,158.875
"BRA",1996,68.2,2.5,161.3232
"BRA",1997,68.7,2.5,163.7798
"BRA",1998,69.2,2.4,166.2521
"BRA",1999,69.7,2.4,168.7535
"BRA",2000,70.1,2.3,171.2799
"BRA",2001,70.6,2.2,172.7424
"BRA",2002,70.9,2.2,175.0766
"BRA",2003,71.3,2.1,177.3603
"BRA",2004,71.6,2,183.4393
"BRA",2005,71.9,2,185.6514
"BRA",2006,72.2,1.9,187.8518
"BRA",2007,72.5,1.9,189.9539
"BRA",2008,72.8,1.9,191.9998
"BRA",2009,73.1,1.8,193.9951
"BRA",2010,73.4,1.8,193.2526
"BRA",2011,73.6,1.8,197.8253
"BRA",2012,73.9,1.8,199.6889
"BRA",2013,74.2,1.8,201.4671
"CHL",1970,62.3,4,9.569631
"CHL",1990,72.9,2.6,13.17878
"CHL",1991,74,2.6,13.42201
"CHL",1992,74.5,2.6,13.66524
"CHL",1993,74.5,2.5,13.90847
"CHL",1994,75,2.4,14.15171
"CHL",1995,74.8,2.4,14.39494
"CHL",1996,75.2,2.3,14.5955
"CHL",1997,75.7,2.2,14.79608
"CHL",1998,75.8,2.2,14.99665
"CHL",1999,76,2.1,15.19721
"CHL",2000,76.8,2.1,15.39778
"CHL",2001,76.8,2,15.57168
"CHL",2002,77.2,1.9,15.66827
"CHL",2003,77.2,1.9,15.83784
"CHL",2004,77.2,1.9,16.00167
"CHL",2005,77.6,1.8,16.16532
"CHL",2006,78,1.8,16.33217
"CHL",2007,77.5,1.9,16.50487
"CHL",2008,78.1,1.9,16.68685
"CHL",2009,78.2,1.9,16.87677
"CHL",2010,78,1.9,17.06614
"CHL",2011,78.7,1.9,17.25553
"CHL",2012,78.7,1.8,17.4448
"CHL",2013,79.5,1.8,17.63158
"CHL",2014,79.7,1.9,17.81905
"CHN",1960,43.4,5.7,650.7126
"CHN",1961,43.7,5.9,660.735
"CHN",1962,44.4,6.1,671.1549
"CHN",1963,45.6,6.2,682.6161
"CHN",1964,47.2,6.3,695.9187
"CHN",1965,49.2,6.4,711.5829
"CHN",1966,51.3,6.4,729.2626
"CHN",1967,53.5,6.3,749.1154
"CHN",1968,55.5,6.1,770.5073
"CHN",1969,57.2,5.9,792.5192
"CHN",1970,58.7,5.6,814.4229
"CHN",1971,59.9,5.3,835.6502
"CHN",1972,61,5,856.5981
"CHN",1973,61.9,4.6,876.8586
"CHN",1974,62.8,4.2,895.9727
"CHN",1975,63.6,3.8,913.6462
"CHN",1976,64.3,3.5,929.4601
"CHN",1977,65,3.2,943.7886
"CHN",1978,65.6,2.9,957.1787
"CHN",1979,66.1,2.8,970.4154
"CHN",1980,66.6,2.6,984.1217
"CHN",1981,67,2.6,998.0024
"CHN",1982,67.3,2.6,1012.373
"CHN",1983,67.7,2.6,1027.641
"CHN",1984,67.9,2.6,1044.253
"CHN",1985,68.2,2.7,1062.446
"CHN",1986,68.4,2.7,1082.005
"CHN",1987,68.6,2.7,1103.076
"CHN",1988,68.8,2.6,1124.793
"CHN",1989,68.9,2.5,1145.942
"CHN",1990,69.1,2.4,1165.429
"CHN",1991,69.2,2.2,1183.008
"CHN",1992,69.4,2,1198.875
"CHN",1993,69.6,1.9,1213.104
"CHN",1994,69.7,1.7,1225.922
"CHN",1995,70,1.6,1237.531
"CHN",1996,70.2,1.6,1247.897
"CHN",1997,70.6,1.5,1257.022
"CHN",1998,70.9,1.5,1265.223
"CHN",1999,71.3,1.5,1272.915
"CHN",2000,71.8,1.5,1280.429
"CHN",2001,72.2,1.5,1287.891
"CHN",2002,72.7,1.5,1295.322
"CHN",2003,73.1,1.5,1302.81
"CHN",2004,73.5,1.6,1310.414
"CHN",2005,73.8,1.6,1318.177
"CHN",2006,74.1,1.6,1326.146
"CHN",2007,74.4,1.6,1334.344
"CHN",2008,74.6,1.6,1342.733
"CHN",2009,74.8,1.6,1351.248
"CHN",2010,75,1.6,1359.822
"CHN",2011,75.2,1.6,1368.44
"CHN",2012,75.4,1.6,1377.065
"CHN",2013,75.6,1.6,1385.567
"EST",1960,68.9,2,1.211537
"EST",1961,69.2,2,1.225076
"EST",1962,69.4,2,1.241622
"EST",1963,69.5,1.9,1.258857
"EST",1964,70.3,1.9,1.277086
"EST",1965,70.3,1.9,1.294566
"EST",1966,70.4,1.9,1.308596
"EST",1967,70.6,1.9,1.318946
"EST",1968,70.2,2,1.331213
"EST",1969,69.9,2.1,1.345249
"EST",1970,70,2.2,1.360076
"EST",1971,70.3,2.2,1.376955
"EST",1972,70.1,2.1,1.392518
"EST",1973,70.4,2.1,1.405951
"EST",1974,70.5,2.1,1.418169
"EST",1975,69.9,2,1.429351
"EST",1976,69.5,2.1,1.439576
"EST",1977,69.6,2.1,1.450211
"EST",1978,69.4,2,1.460188
"EST",1979,69.2,2,1.468333
"EST",1980,69.3,2,1.477218
"EST",1981,69.1,2.1,1.487666
"EST",1982,69.7,2.1,1.498414
"EST",1983,69.6,2.2,1.508745
"EST",1984,69.5,2.2,1.518616
"EST",1985,69.6,2.1,1.528781
"EST",1986,70.7,2.2,1.54019
"EST",1987,70.7,2.3,1.55222
"EST",1988,70.8,2.3,1.561899
"EST",1989,70.3,2.2,1.56813
"EST",1990,69.8,2.1,1.569174
"EST",1991,69.7,1.8,1.561313
"EST",1992,69.1,1.7,1.53309
"EST",1993,68.2,1.5,1.494127
"EST",1994,66.8,1.4,1.462513
"EST",1995,67.9,1.4,1.436633
"EST",1996,69.9,1.4,1.415594
"EST",1997,70.1,1.3,1.399535
"EST",1998,69.7,1.3,1.386155
"EST",1999,70.6,1.3,1.380619
"EST",2000,71,1.4,1.396985
"EST",2001,70.9,1.3,1.388115
"EST",2002,71.4,1.4,1.37935
"EST",2003,71.8,1.4,1.37072
"EST",2004,72.4,1.5,1.36255
"EST",2005,72.9,1.5,1.354775
"EST",2006,73.1,1.6,1.34681
"EST",2007,73.2,1.7,1.34068
"EST",2008,74.2,1.7,1.33709
"EST",2009,75.2,1.7,1.334515
"EST",2010,75.9,1.7,1.331475
"EST",2011,76.4,1.6,1.327439
"EST",2012,76.5,1.6,1.322696
"EST",2013,77.3,1.5,1.317997
"EST",2014,77.2,1.5,1.315819
"IND",1960,41.2,5.9,449.5214
"IND",1961,41.8,5.9,458.496
"IND",1962,42.4,5.9,467.8056
"IND",1963,43,5.9,477.457
"IND",1964,43.7,5.9,487.4641
"IND",1965,44.3,5.8,497.8542
"IND",1966,45,5.8,508.4673
"IND",1967,45.7,5.8,519.47
"IND",1968,46.4,5.7,530.8898
"IND",1969,47,5.6,542.7511
"IND",1970,47.7,5.6,555.0637
"IND",1971,48.4,5.5,567.6116
"IND",1972,49.1,5.4,580.5688
"IND",1973,49.8,5.4,593.9493
"IND",1974,50.4,5.3,607.7719
"IND",1975,51.1,5.2,622.0544
"IND",1976,51.7,5.1,636.6017
"IND",1977,52.3,5,651.5868
"IND",1978,52.8,5,666.9718
"IND",1979,53.4,4.9,682.699
"IND",1980,53.9,4.8,698.7208
"IND",1981,54.3,4.8,714.7706
"IND",1982,54.7,4.7,731.0479
"IND",1983,55.1,4.6,747.5671
"IND",1984,55.5,4.6,764.3536
"IND",1985,55.9,4.5,781.4219
"IND",1986,56.2,4.4,798.4903
"IND",1987,56.6,4.3,815.7924
"IND",1988,57,4.2,833.2754
"IND",1989,57.5,4.1,850.8645
"IND",1990,58,4,868.8907
"IND",1991,58.4,4,886.3487
"IND",1992,59,3.9,903.7496
"IND",1993,59.5,3.8,921.1076
"IND",1994,60,3.7,938.4526
"IND",1995,60.5,3.7,955.8044
"IND",1996,60.9,3.6,973.1476
"IND",1997,61.4,3.5,990.4601
"IND",1998,61.8,3.4,1007.747
"IND",1999,62.2,3.4,1025.015
"IND",2000,62.7,3.3,1042.262
"IND",2001,63,3.2,1059.501
"IND",2002,63.4,3.2,1076.706
"IND",2003,63.8,3.1,1093.787
"IND",2004,64.2,3,1110.626
"IND",2005,64.5,3,1127.144
"IND",2006,64.9,2.9,1143.289
"IND",2007,65.3,2.8,1159.095
"IND",2008,65.7,2.7,1174.662
"IND",2009,66.1,2.7,1190.138
"IND",2010,66.5,2.6,1205.625
"IND",2011,66.9,2.5,1221.156
"IND",2012,67.3,2.5,1236.687
"IND",2013,67.7,2.4,1252.14
"IDN",1960,48.7,5.7,88.70762
"IDN",1961,49.3,5.7,90.85668
"IDN",1962,49.9,5.6,93.08653
"IDN",1963,50.5,5.6,95.40449
"IDN",1964,51.1,5.6,97.82113
"IDN",1965,51.7,5.6,100.3432
"IDN",1966,52.3,5.6,102.9184
"IDN",1967,52.8,5.6,105.5884
"IDN",1968,53.4,5.6,108.3459
"IDN",1969,54,5.5,111.1794
"IDN",1970,54.6,5.5,114.0802
"IDN",1971,55.1,5.4,116.9891
"IDN",1972,55.7,5.3,119.9551
"IDN",1973,56.2,5.3,122.9808
"IDN",1974,56.7,5.2,126.0701
"IDN",1975,57.3,5,129.2241
"IDN",1976,57.8,4.9,132.3799
"IDN",1977,58.3,4.8,135.5849
"IDN",1978,58.7,4.7,138.8407
"IDN",1979,59.2,4.6,142.1493
"IDN",1980,59.6,4.4,145.5103
"IDN",1981,60.1,4.3,148.8656
"IDN",1982,60.5,4.2,152.2624
"IDN",1983,60.9,4,155.6807
"IDN",1984,61.2,3.9,159.0928
"IDN",1985,61.6,3.7,162.4787
"IDN",1986,61.9,3.6,165.7661
"IDN",1987,62.3,3.5,169.0188
"IDN",1988,62.6,3.3,172.2445
"IDN",1989,62.9,3.2,175.4543
"IDN",1990,63.3,3.1,178.6332
"IDN",1991,63.7,3,181.7863
"IDN",1992,64,2.9,184.9168
"IDN",1993,64.4,2.8,188.0193
"IDN",1994,64.7,2.8,191.0857
"IDN",1995,65,2.7,194.1126
"IDN",1996,65.3,2.6,197.0979
"IDN",1997,65.6,2.6,200.0504
"IDN",1998,65.9,2.5,202.9909
"IDN",1999,66.1,2.5,205.9468
"IDN",2000,66.3,2.5,208.9387
"IDN",2001,66.5,2.5,211.9704
"IDN",2002,66.7,2.5,215.0383
"IDN",2003,66.8,2.5,218.1456
"IDN",2004,67,2.5,221.2938
"IDN",2005,67.2,2.5,224.4809
"IDN",2006,67.4,2.5,227.7098
"IDN",2007,67.6,2.5,230.9728
"IDN",2008,67.8,2.5,234.2435
"IDN",2009,68,2.5,237.4869
"IDN",2010,68.2,2.5,240.6765
"IDN",2011,68.4,2.5,243.8016
"IDN",2012,68.6,2.5,246.8642
"IDN",2013,68.8,2.4,249.8656
"ISR",1971,71.8,3.9,3.0951
"ISR",1972,71.5,3.7,3.225
"ISR",1973,71.7,3.7,3.3382
"ISR",1974,71.7,3.7,3.4216
"ISR",1975,72.1,3.7,3.4932
"ISR",1976,73,3.7,3.5754
"ISR",1977,73,3.5,3.6532
"ISR",1978,73.3,3.3,3.7376
"ISR",1979,73.6,3.2,3.8363
"ISR",1980,73.9,3.1,3.9217
"ISR",1981,74.3,3.1,3.9498
"ISR",1982,74.2,3.1,4.0207
"ISR",1983,74.5,3.2,4.1061
"ISR",1984,74.9,3.1,4.1591
"ISR",1985,75.3,3.1,4.233
"ISR",1986,75,3.1,4.2988
"ISR",1987,75.3,3.1,4.3689
"ISR",1988,75.7,3.1,4.4417
"ISR",1989,76.4,3,4.5182
"ISR",1990,76.7,3,4.6602
"ISR",1991,76.8,2.9,4.9491
"ISR",1992,76.6,2.9,5.1235
"ISR",1993,77.2,2.9,5.2614
"ISR",1994,77.5,2.9,5.3993
"ISR",1995,77.5,2.9,5.5449
"ISR",1996,78.2,2.9,5.6851
"ISR",1997,78.1,2.9,5.8289
"ISR",1998,78.2,3,5.9707
"ISR",1999,78.5,2.9,6.1253
"ISR",2000,78.8,3,6.2892
"ISR",2001,79.3,2.9,6.439
"ISR",2002,79.5,2.9,6.57
"ISR",2003,79.7,3,6.6897
"ISR",2004,80.2,2.9,6.809
"ISR",2005,80.2,2.8,6.9301
"ISR",2006,80.6,2.9,7.0537
"ISR",2007,80.6,2.9,7.1801
"ISR",2008,81,3,7.3088
"ISR",2009,81.5,3,7.4856
"ISR",2010,81.7,3,7.6236
"ISR",2011,81.7,3,7.7658
"ISR",2012,81.8,3.1,7.9105
"ISR",2013,82.1,3,8.059
"RUS",1960,66.2,2.5,119.9057
"RUS",1961,66.7,2.5,121.469
"RUS",1962,67.1,2.4,122.9705
"RUS",1963,67.4,2.3,124.3766
"RUS",1964,67.7,2.2,125.6448
"RUS",1965,67.8,2.1,126.7491
"RUS",1966,67.9,2.1,127.6746
"RUS",1967,68,2,128.4414
"RUS",1968,68,2,129.103
"RUS",1969,68,2,129.7342
"RUS",1970,68.3,2,130.3918
"RUS",1971,68.5,2,131.0955
"RUS",1972,68.4,2.1,131.838
"RUS",1973,68.4,2,132.6161
"RUS",1974,68.5,2,133.4172
"RUS",1975,67.9,2,134.2325
"RUS",1976,67.6,2,135.0639
"RUS",1977,67.5,2,135.9192
"RUS",1978,67.5,1.9,136.8013
"RUS",1979,67.3,1.9,137.7131
"RUS",1980,67.2,1.9,138.6554
"RUS",1981,67.4,1.9,139.6195
"RUS",1982,67.9,2,140.5983
"RUS",1983,67.8,2,141.5939
"RUS",1984,67.3,2.1,142.6098
"RUS",1985,68,2.1,143.033
"RUS",1986,69.5,2.1,144.23
"RUS",1987,69.6,2.2,145.461
"RUS",1988,69.6,2.1,146.494
"RUS",1989,69.3,2,147.332
"RUS",1990,69,1.9,147.969
"RUS",1991,68.8,1.7,148.394
"RUS",1992,67.8,1.5,148.538
"RUS",1993,65.3,1.4,148.459
"RUS",1994,64.3,1.4,148.408
"RUS",1995,64.9,1.3,148.376
"RUS",1996,66,1.3,148.16
"RUS",1997,66.8,1.2,147.915
"RUS",1998,67.2,1.2,147.671
"RUS",1999,66.1,1.2,147.215
"RUS",2000,65.6,1.2,146.597
"RUS",2001,65.5,1.2,145.976
"RUS",2002,65.3,1.3,145.306
"RUS",2003,65.2,1.3,144.649
"RUS",2004,65.6,1.3,144.067
"RUS",2005,65.7,1.3,143.519
"RUS",2006,66.9,1.3,143.05
"RUS",2007,67.7,1.4,142.805
"RUS",2008,68.1,1.5,142.742
"RUS",2009,68.8,1.5,142.785
"RUS",2010,69,1.6,142.849
"RUS",2011,69.8,1.6,142.961
"RUS",2012,70.2,1.7,143.207
"RUS",2013,70.7,1.7,143.507
"SVN",1982,71.2,1.9,1.910335
"SVN",1983,71,1.8,1.922322
"SVN",1984,71.4,1.8,1.932154
"SVN",1985,71.9,1.7,1.94164
"SVN",1986,72.4,1.7,1.980718
"SVN",1987,72.4,1.6,1.989462
"SVN",1988,73,1.6,1.999988
"SVN",1989,73.4,1.5,1.999404
"SVN",1990,73.8,1.5,1.99809
"SVN",1991,73.5,1.4,2.001768
"SVN",1992,73.6,1.3,1.995832
"SVN",1993,73.5,1.3,1.990623
"SVN",1994,74,1.3,1.98885
"SVN",1995,74.7,1.3,1.987505
"SVN",1996,75.1,1.3,1.991169
"SVN",1997,75.1,1.3,1.986848
"SVN",1998,75.3,1.2,1.982603
"SVN",1999,75.7,1.2,1.985557
"SVN",2000,76.1,1.3,1.990272
"SVN",2001,76.4,1.2,1.992035
"SVN",2002,76.6,1.2,1.995718
"SVN",2003,76.4,1.2,1.996773
"SVN",2004,77.2,1.3,1.997004
"SVN",2005,77.4,1.3,2.001114
"SVN",2006,78.3,1.3,2.008516
"SVN",2007,78.3,1.4,2.019406
"SVN",2008,79.1,1.5,2.022629
"SVN",2009,79.3,1.5,2.042335
"SVN",2010,79.8,1.6,2.049261
"SVN",2011,80.1,1.6,2.052496
"SVN",2012,80.2,1.6,2.056262
"SVN",2013,80.4,1.6,2.059114
"SVN",2014,81.2,1.6,2.061623
"ZAF",1991,62.4,3.5,36.199
"ZAF",1992,62.4,3.4,36.992
"ZAF",1993,62.3,3.3,37.802
"ZAF",1994,62,3.2,38.631
"ZAF",1995,61.5,3.1,39.477
"ZAF",1996,60.7,3,40.342
"ZAF",1997,59.7,3,41.227
"ZAF",1998,58.5,2.9,42.131
"ZAF",1999,57.2,2.9,43.054
"ZAF",2000,55.9,2.8,43.69
"ZAF",2001,54.6,2.8,44.56
"ZAF",2002,53.5,2.8,45.545
"ZAF",2003,52.6,2.7,46.127
"ZAF",2004,51.9,2.7,46.727
"ZAF",2005,51.6,2.7,47.35
"ZAF",2006,51.6,2.7,47.991
"ZAF",2007,52,2.6,48.658
"ZAF",2008,52.7,2.6,49.345
"ZAF",2009,53.5,2.6,50.055
"ZAF",2010,54.4,2.6,50.792
"ZAF",2011,55.3,2.6,51.554
"ZAF",2012,56.1,2.6,52.341
"ZAF",2013,56.8,2.5,53.158
"ZAF",2014,57.2,2.5,54.002
"COL",1985,67.7,3.4,30.80222
"COL",1986,67.9,3.3,31.44
"COL",1987,68,3.2,32.09697
"COL",1988,68.1,3.1,32.76711
"COL",1989,68.3,3.1,33.44691
"COL",1990,69.4,3,34.13002
"COL",1995,71,2.7,37.47218
"COL",2000,72.7,2.4,40.29556
"COL",2005,74.1,2.2,42.88859
"COL",2010,75.3,2,45.50959
"LVA",2002,70.1,1.3,2.31
"LVA",2003,70.5,1.3,2.288
"LVA",2004,70.8,1.3,2.263
"LVA",2005,70.6,1.4,2.239
"LVA",2006,70.6,1.5,2.218
"LVA",2007,70.8,1.5,2.2
"LVA",2008,72,1.6,2.177
"LVA",2009,72.6,1.5,2.142
"LVA",2010,73,1.4,2.098
"LVA",2011,73.7,1.3,2.06
"LVA",2012,73.9,1.4,2.034
